{
  "splitx": false,
  "splity": false,
  "maxy": 2.549999952316284,
  "winy": 53,
  "winx": 0,
  "minp": -1.3799999952316284,
  "minr": -1.6699999570846558,
  "crossy": false,
  "miny": 0.3799999952316284,
  "crossr": false,
  "artnet": false,
  "crossp": false,
  "splitz": false,
  "maxr": 0.9599999785423279,
  "maxp": 0.5799999833106995
}