{
  "splitr": false,
  "splity": false,
  "maxy": 4.747602462768555,
  "winy": 53,
  "winx": 0,
  "splitp": false,
  "minp": 0.49098947644233704,
  "network": false,
  "minr": -2.4953372478485107,
  "crossy": true,
  "miny": 2.56231689453125,
  "crossr": false,
  "artnet": true,
  "crossp": false,
  "maxr": 1.0236986875534058,
  "maxp": 1.253069519996643
}