{
  "splitr": false,
  "splity": false,
  "maxy": -0.7687126398086548,
  "winy": 217,
  "winx": 1676,
  "splitp": false,
  "minp": 1.1059205532073975,
  "network": false,
  "fx": 0,
  "minr": -1.3750849962234497,
  "miny": -3.782992362976074,
  "artnet": true,
  "maxr": 0.8277236223220825,
  "maxp": 3.7572906017303467
}