{
  "splitr": false,
  "splity": false,
  "maxy": 2.478053092956543,
  "winy": 126,
  "winx": 136,
  "splitp": false,
  "minp": -0.6281144618988037,
  "network": false,
  "minr": -0.915180504322052,
  "miny": 1.1579060554504395,
  "artnet": false,
  "maxr": 0.9374527335166931,
  "maxp": 0.46054479479789734
}