{
  "splitr": false,
  "splity": false,
  "maxy": 3.403146982192993,
  "winy": 128,
  "winx": 130,
  "splitp": false,
  "minp": -4.301459789276123,
  "network": false,
  "fx": 2,
  "minr": -1.2799410820007324,
  "miny": 2.1790010929107666,
  "artnet": true,
  "maxr": 0.7438961267471313,
  "maxp": -2.357652187347412
}