{
  "splitr": false,
  "splity": false,
  "maxy": 2.4568824768066406,
  "winy": 53,
  "winx": 0,
  "splitp": false,
  "minp": -0.646975576877594,
  "network": true,
  "minr": -0.29094937443733215,
  "miny": 1.320272445678711,
  "artnet": true,
  "maxr": 0.7583274841308594,
  "maxp": 0.031789153814315796
}