{
  "splitr": false,
  "splity": false,
  "maxy": 7.170125961303711,
  "winy": 126,
  "winx": 136,
  "splitp": false,
  "minp": -0.8682307600975037,
  "network": false,
  "minr": -7.317251205444336,
  "miny": 6.094448089599609,
  "artnet": true,
  "maxr": -5.341858863830566,
  "maxp": 0.48767921328544617
}