{
  "splitr": false,
  "splity": false,
  "maxy": 1.1978366374969482,
  "winy": 217,
  "winx": 1676,
  "splitp": false,
  "minp": -3.961538791656494,
  "network": false,
  "fx": 0,
  "minr": -0.4872613251209259,
  "miny": -0.07124774903059006,
  "artnet": true,
  "maxr": 1.08547043800354,
  "maxp": -2.6146013736724854
}