{
  "splitr": false,
  "splity": false,
  "maxy": 0.7152902483940125,
  "winy": 53,
  "winx": 0,
  "splitp": false,
  "minp": -1.0852694511413574,
  "minr": -1.0179603099822998,
  "crossy": false,
  "miny": -0.6858367919921875,
  "crossr": false,
  "artnet": false,
  "crossp": false,
  "maxr": 1.3643863201141357,
  "maxp": 0.3546452224254608
}