{
  "splitr": false,
  "splity": false,
  "maxy": -1.8276333808898926,
  "winy": 217,
  "winx": 1676,
  "splitp": false,
  "minp": 2.2117512226104736,
  "network": false,
  "fx": 0,
  "minr": -0.2654147148132324,
  "miny": -3.3403866291046143,
  "artnet": true,
  "maxr": 0.5484001040458679,
  "maxp": 3.654757022857666
}