{
  "splitr": false,
  "splity": false,
  "maxy": 1.9727669954299927,
  "winy": 126,
  "winx": 136,
  "splitp": false,
  "minp": -0.7157556414604187,
  "network": false,
  "minr": -1.0135691165924072,
  "miny": 0.3841911256313324,
  "artnet": true,
  "maxr": 1.0222383737564087,
  "maxp": 0.8032016754150391
}