{
  "splitx": false,
  "splity": false,
  "maxy": 2.119999885559082,
  "winy": 53,
  "winx": 0,
  "minp": -0.20999999344348907,
  "minr": -0.15000000596046448,
  "crossy": false,
  "miny": 0.05000000074505806,
  "crossr": false,
  "artnet": false,
  "crossp": false,
  "splitz": false,
  "maxr": 0.1899999976158142,
  "maxp": 0.28999999165534973
}