{
  "splitr": false,
  "splity": false,
  "maxy": 3.160127878189087,
  "winy": 53,
  "winx": 0,
  "splitp": false,
  "minp": -1.2238004207611084,
  "network": false,
  "minr": -1.183422327041626,
  "miny": 0.7854752540588379,
  "artnet": true,
  "maxr": 1.26058030128479,
  "maxp": 0.8333744406700134
}